use mybnb;
INSERT INTO listing VALUES (1, 'aaa 250psi 6-in-1 air compressor', 'Ut, phasellus accumsan!', 3476);
INSERT INTO located VALUES (1, -121.81470, 37.32621);
INSERT INTO address VALUES (37.32621, -121.81470, '1845 crilly', 'Denver', 'United States', '80671');
INSERT INTO availability VALUES (1, '2016-01-18', '2017-12-03');
INSERT INTO offers VALUES (1, 1);
INSERT INTO ammenities VALUES (1, 'Dis!', 'Lorem ipsum sed malesuada amet erat dui dictumst per sed tempus.\n');
INSERT INTO listing VALUES (2, 'black and decker 20v max lithium drill and circular saw kit, bdcd220rs', 'Cras elit vulputate.', 1625);
INSERT INTO located VALUES (2, -122.21056, 47.66446);
INSERT INTO address  VALUES (47.66446, -122.21056, '5903 talman', 'Wichita', 'United States', '67238');
INSERT INTO availability VALUES (2, '2016-11-10', '2015-06-02');
INSERT INTO offers   VALUES (2, 2);
INSERT INTO ammenities VALUES (2, 'Dapibus!', 'Lorem ipsum nam ornare aptent hendrerit 5am id natoque magnis sodales.\n');
INSERT INTO listing  VALUES (3, 'california air tools 4.6 gallon ultra quiet and oil-free 2.0 hp aluminum twin tank air compressor', 'A erat, aliquam?', 3693);
INSERT INTO located VALUES (3, -115.18530, 36.18786);
INSERT INTO address VALUES (36.18786, -115.18530, '2203 hollett', 'Baton Rouge', 'United States', '70746');
INSERT INTO availability VALUES (3, '2012-10-01', '2013-11-29');
INSERT INTO offers VALUES (3, 3);
INSERT INTO ammenities VALUES (3, 'Etiam.', 'Lorem ipsum eros, ultrices ultrices dui mollis nisi felis est.\n');
INSERT INTO listing VALUES (4, 'legacy mfg 3/8 x 100 flex air hose yellow', 'Hendrerit himenaeos hendrerit!', 3938);
INSERT INTO located VALUES (4, -104.75269, 39.77505);
INSERT INTO address VALUES (39.77505, -104.75269, '1743 kennedy madison st', 'Houston', 'United States', '70458');
INSERT INTO availability VALUES (4, '2015-06-13', '2012-07-27');
INSERT INTO offers   VALUES (4, 4);
INSERT INTO ammenities VALUES (4, 'In.', 'Lorem ipsum cursus massa class pellentesque ultrices orci, pretium vehicula ornare sodales.\n');
INSERT INTO listing VALUES (5, 'california air tools 10 gallon 2.0 hp steel tank oil-lubricated air compressor', 'Eleifend felis facilisis.', 3844);
INSERT INTO located VALUES (5, -117.28665, 34.21693);
INSERT INTO address VALUES (34.21693, -117.28665, '3542 20th', 'Springfield', 'United States', '01163');
INSERT INTO availability VALUES (5, '2017-10-16', '2014-05-18');
INSERT INTO offers   VALUES (5, 5);
INSERT INTO ammenities VALUES (5, 'Curabitur!', 'Lorem ipsum habitasse praesent gravida nunc posuere fermentum feugiat ullamcorper?\n');
INSERT INTO listing VALUES (6, 'fs-curtis ct5 5-hp 60-gallon vertical two-stage air compressor with thermal overload in place of sta', 'Netus; orci nam.', 1543);
INSERT INTO located VALUES (6, -93.19507, 46.35614);
INSERT INTO address VALUES (46.35614, -93.19507, '5583 harlem', 'Charleston', 'United States', '29401 ');
INSERT INTO availability VALUES (6, '2014-06-05', '2012-10-17');
INSERT INTO offers   VALUES (6, 6);
INSERT INTO ammenities VALUES (6, 'Ullamcorper.', 'Lorem ipsum conubia quam etiam, pellentesque rutrum augue senectus tempor aenean habitasse id.\n');
INSERT INTO listing VALUES (7, 'lumberjack tools tac1500 1-1/2-inch commercial series tenon cutter', 'A aptent condimentum.', 4940);
INSERT INTO located VALUES (7, -83.00346, 42.58500);
INSERT INTO address VALUES (42.58500, -83.00346, '5417 marine', 'Cleveland', 'United States', '44636');
INSERT INTO availability VALUES (7, '2013-08-03', '2016-10-06');
INSERT INTO offers   VALUES (7, 7);
INSERT INTO ammenities VALUES (7, 'Mattis.', 'Lorem ipsum porttitor adipiscing facilisi nascetur torquent primis nunc tempus porttitor.\n');
INSERT INTO listing VALUES (8, 'black & decker 14.4v cordless drill set, gco14sfb', '5a praesent, suspendisse.', 972);
INSERT INTO located VALUES (8, -80.03341, 26.05284);
INSERT INTO address VALUES (26.05284, -80.03341, '7649 edens ob', 'Lakewood', 'United States', '80252');
INSERT INTO availability VALUES (8, '2014-08-17', '2016-03-02');
INSERT INTO offers   VALUES (8, 8);
INSERT INTO ammenities VALUES (8, 'Cubilia.', 'Lorem ipsum a malesuada urna, fermentum dictum fringilla netus odio.\n');
INSERT INTO listing VALUES (9, 'ingersoll rand avc10-183a rivet set retainer q-c', 'Sodales curae; erat.', 2534);
INSERT INTO located VALUES (9, -97.36338, -2.07301);
INSERT INTO address VALUES (-2.07301, -97.36338, '7954 lowerlevelt1', 'Hialeah', 'United States', '33054');
INSERT INTO availability VALUES (9, '2017-03-16', '2018-10-17');
INSERT INTO offers   VALUES (9, 9);
INSERT INTO ammenities VALUES (9, 'Semper.', 'Lorem ipsum consequat venenatis et rhoncus a egestas vitae rutrum purus fringilla natoque.\n');
INSERT INTO listing VALUES (10, 'bosch 2250-01 14.4 volt single speed cordless drill and driver', 'Dis nostra sodales!', 3477);
INSERT INTO located VALUES (10, -117.80294, 33.74448);
INSERT INTO address VALUES (33.74448, -117.80294, '6084 old lake shore', 'Tallahassee', 'United States', '32398');
INSERT INTO availability VALUES (10, '2016-09-24', '2013-09-26');
INSERT INTO offers   VALUES (10, 10);
INSERT INTO ammenities VALUES (10, 'Habitant.', 'Lorem ipsum arcu sodales sollicitudin eu fermentum hac primis class commodo?\n');
INSERT INTO accounts VALUES ('jaxtnel8623', '6wXgQNiWwS', 'Jaxton', 'Nelson', '1937-07-08', 'reliance steel and aluminum', '88111400');
INSERT INTO renter VALUES ('jaxtnel8623');
INSERT INTO rents VALUES (3, 1, '2013-04-15', '2013-10-02');
INSERT INTO host VALUES ('jaxtnel8623');
INSERT INTO hosts VALUES (3, 1);
INSERT INTO lives VALUES ('jaxtnel8623', 39.93365, -105.06972);
INSERT INTO accounts VALUES ('virginiashl8757', 'yHPhFgrcPo', 'Virginia', 'Ashley', '1928-05-17', 'capital one financial corporation', '24738449');
INSERT INTO renter VALUES ('virginiashl8757');
INSERT INTO rents VALUES (6, 2, '2012-12-15', '2013-11-21');
INSERT INTO host VALUES ('virginiashl8757');
INSERT INTO hosts VALUES (5, 2);
INSERT INTO lives VALUES ('virginiashl8757', 42.15867, -83.77654);
INSERT INTO accounts VALUES ('brookheste9618', 'MZmuzpWXha', 'Brooke', 'Hester', '1965-09-12', 'republic services', '49066478');
INSERT INTO renter VALUES ('brookheste9618');
INSERT INTO rents VALUES (5, 3, '2012-04-05', '2012-06-18');
INSERT INTO host VALUES ('brookheste9618');
INSERT INTO hosts VALUES (5, 3);
INSERT INTO lives VALUES ('brookheste9618', 47.72361, -122.30832);
INSERT INTO accounts VALUES ('reecmckay1509', 'qCbywiNNeG', 'Reece', 'Mckay', '1988-10-10', 'equifax', '48488667');
INSERT INTO renter VALUES ('reecmckay1509');
INSERT INTO rents VALUES (5, 4, '2013-08-31', '2013-07-31');
INSERT INTO host VALUES ('reecmckay1509');
INSERT INTO hosts VALUES (5, 4);
INSERT INTO lives VALUES ('reecmckay1509', 25.85026, -80.29878);
INSERT INTO accounts VALUES ('milagrorandol4267', '0TRlrljv4C', 'Milagros', 'Randolph', '1938-09-22', 'curtiss-wright corporation', '88883150');
INSERT INTO renter VALUES ('milagrorandol4267');
INSERT INTO rents VALUES (5, 5, '2012-07-22', '2013-07-01');
INSERT INTO host VALUES ('milagrorandol4267');
INSERT INTO hosts VALUES (5, 5);
INSERT INTO lives VALUES ('milagrorandol4267', 36.12156, -114.95215);
INSERT INTO accounts VALUES ('mckjoy8680', 'EB7CVd2oAc', 'Mckenna', 'Joyner', '1941-06-20', 'mercury general corporation', '51305836');
INSERT INTO renter VALUES ('mckjoy8680');
INSERT INTO rents VALUES (5, 6, '2013-01-18', '2012-09-04');
INSERT INTO host VALUES ('mckjoy8680');
INSERT INTO hosts VALUES (5, 6);
INSERT INTO lives VALUES ('mckjoy8680', 29.99054, -90.01267);
INSERT INTO accounts VALUES ('edithwalton1852', 'kTAYwTE0Ev', 'Edith', 'Walton', '1993-05-12', 'pacific gas and electric corp', '58983574');
INSERT INTO renter VALUES ('edithwalton1852');
INSERT INTO rents VALUES (1, 7, '2012-07-27', '2013-08-25');
INSERT INTO host VALUES ('edithwalton1852');
INSERT INTO hosts VALUES (1, 7);
INSERT INTO lives VALUES ('edithwalton1852', 33.90106, -117.48696);
INSERT INTO accounts VALUES ('elainla6968', 'wdssd37d8y', 'Elaina', 'Lang', '1936-12-29', 'exterran holdings', '15145541');
INSERT INTO renter VALUES ('elainla6968');
INSERT INTO rents VALUES (5, 8, '2013-04-10', '2012-10-16');
INSERT INTO host VALUES ('elainla6968');
INSERT INTO hosts VALUES (4, 8);
INSERT INTO lives VALUES ('elainla6968', 33.98261, -117.33072);
INSERT INTO accounts VALUES ('addilyhe1043', 'bkfLPygCNl', 'Addilyn', 'Heath', '1902-12-27', 'southwestern energy company', '27166420');
INSERT INTO renter VALUES ('addilyhe1043');
INSERT INTO rents VALUES (3, 9, '2013-02-17', '2012-10-11');
INSERT INTO host VALUES ('addilyhe1043');
INSERT INTO hosts VALUES (2, 9);
INSERT INTO lives VALUES ('addilyhe1043', 42.27888, -84.55956);
INSERT INTO accounts VALUES ('grayseburt6048', 'NjAX3wGlIu', 'Graysen', 'Burt', '1919-12-30', 'nucor corporation', '63403523');
INSERT INTO renter VALUES ('grayseburt6048');
INSERT INTO rents VALUES (1, 10, '2013-06-17', '2013-12-28');
INSERT INTO host VALUES ('grayseburt6048');
INSERT INTO hosts VALUES (1, 10);
INSERT INTO lives VALUES ('grayseburt6048', 26.20467, -80.30644);
