INSERT INTO listing ('id', 'type', 'characteristics', 'rentalPrice') VALUES (1, 'jaco jfc010 0.35 oz just for copper solderless copper bonding', 'Quam turpis suspendisse!', 616);
INSERT INTO located ('lid', 'lng', 'lat') VALUES (1, -111.80034, 33.42373);
INSERT INTO address ('lat', 'lng', 'addr', 'city', 'country', 'pcode') VALUES (33.42373, -111.80034, '6208 33rd', 'Tulsa', 'United States', '74107');
INSERT INTO availability ('lid', 'sdate', 'edate') VALUES (1, to_date('2014-04-28', 'YYYY-MM-DD'), to_date('2015-12-14', 'YYYY-MM-DD'));
INSERT INTO offers ('lid', 'fid') VALUES (1, 1);
INSERT INTO ammenities ('id', 'name', 'description') VALUES (1, 'Facilisis.', 'Lorem ipsum in fermentum ut sagittis taciti bibendum diam class.\n');
INSERT INTO listing ('id', 'type', 'characteristics', 'rentalPrice') VALUES (2, 'stalwart mouse sander set, blue, 28pc', 'Elementum tellus at.', 389);
INSERT INTO located ('lid', 'lng', 'lat') VALUES (2, -112.13533, 40.69580);
INSERT INTO address ('lat', 'lng', 'addr', 'city', 'country', 'pcode') VALUES (40.69580, -112.13533, '9186 hermitage', 'Reno', 'United States', '89510');
INSERT INTO availability ('lid', 'sdate', 'edate') VALUES (2, to_date('2013-02-05', 'YYYY-MM-DD'), to_date('2013-11-18', 'YYYY-MM-DD'));
INSERT INTO offers ('lid', 'fid') VALUES (2, 2);
INSERT INTO ammenities ('id', 'name', 'description') VALUES (2, 'Metus.', 'Lorem ipsum himenaeos quam elementum viverra arcu auctor elementum nec.\n');
INSERT INTO listing ('id', 'type', 'characteristics', 'rentalPrice') VALUES (3, 'gmc power equipment 1.6 gallon gmc syclone 1610a ultra quiet and oil-free air compressor', 'Fringilla rhoncus lacinia.', 4089);
INSERT INTO located ('lid', 'lng', 'lat') VALUES (3, -112.18671, 40.79880);
INSERT INTO address ('lat', 'lng', 'addr', 'city', 'country', 'pcode') VALUES (40.79880, -112.18671, '3879 newland', 'Pittsburgh', 'United States', '15317');
INSERT INTO availability ('lid', 'sdate', 'edate') VALUES (3, to_date('2015-05-13', 'YYYY-MM-DD'), to_date('2016-09-08', 'YYYY-MM-DD'));
INSERT INTO offers ('lid', 'fid') VALUES (3, 3);
INSERT INTO ammenities ('id', 'name', 'description') VALUES (3, 'Ipsum.', 'Lorem ipsum mus parturient ullamcorper auctor tristique sollicitudin facilisis leo ad sit.\n');
INSERT INTO listing ('id', 'type', 'characteristics', 'rentalPrice') VALUES (4, 'kawasaki heavy duty 0.5 6.6a hammer drill', 'Ornare curabitur vulputate.', 702);
INSERT INTO located ('lid', 'lng', 'lat') VALUES (4, -77.46072, 37.69226);
INSERT INTO address ('lat', 'lng', 'addr', 'city', 'country', 'pcode') VALUES (37.69226, -77.46072, '9185 lowe', 'Birmingham', 'United States', '35062');
INSERT INTO availability ('lid', 'sdate', 'edate') VALUES (4, to_date('2016-04-16', 'YYYY-MM-DD'), to_date('2017-04-02', 'YYYY-MM-DD'));
INSERT INTO offers ('lid', 'fid') VALUES (4, 4);
INSERT INTO ammenities ('id', 'name', 'description') VALUES (4, 'Vestibulum.', 'Lorem ipsum libero himenaeos viverra neque eros aptent elit mollis.\n');
INSERT INTO listing ('id', 'type', 'characteristics', 'rentalPrice') VALUES (5, 'powryte 3/8" x 50" pvc air hose', 'Semper pulvinar vel.', 775);
INSERT INTO located ('lid', 'lng', 'lat') VALUES (5, -87.40480, 36.68093);
INSERT INTO address ('lat', 'lng', 'addr', 'city', 'country', 'pcode') VALUES (36.68093, -87.40480, '3771 eisenhower morgan st', 'Garland', 'United States', '75596');
INSERT INTO availability ('lid', 'sdate', 'edate') VALUES (5, to_date('2013-06-26', 'YYYY-MM-DD'), to_date('2014-05-21', 'YYYY-MM-DD'));
INSERT INTO offers ('lid', 'fid') VALUES (5, 5);
INSERT INTO ammenities ('id', 'name', 'description') VALUES (5, 'Ligula.', 'Lorem ipsum curae; ad enim dui porta semper hac, sociosqu interdum.\n');
INSERT INTO listing ('id', 'type', 'characteristics', 'rentalPrice') VALUES (6, 'california air tools 10 gallon 2.0 hp steel tank oil-lubricated air compressor', 'Adipiscing taciti scelerisque?', 910);
INSERT INTO located ('lid', 'lng', 'lat') VALUES (6, -80.02160, 32.87752);
INSERT INTO address ('lat', 'lng', 'addr', 'city', 'country', 'pcode') VALUES (32.87752, -80.02160, '5323 maxwell', 'Raleigh', 'United States', '27689 ');
INSERT INTO availability ('lid', 'sdate', 'edate') VALUES (6, to_date('2012-08-28', 'YYYY-MM-DD'), to_date('2016-11-22', 'YYYY-MM-DD'));
INSERT INTO offers ('lid', 'fid') VALUES (6, 6);
INSERT INTO ammenities ('id', 'name', 'description') VALUES (6, 'Ipsum.', 'Lorem ipsum diam imperdiet praesent vulputate maecenas vulputate dignissim eros?\n');
INSERT INTO listing ('id', 'type', 'characteristics', 'rentalPrice') VALUES (7, 'bostitch .5" vsr 2-speed hammerdrill/drill, bte140k', 'Tellus eu felis?', 4188);
INSERT INTO located ('lid', 'lng', 'lat') VALUES (7, -71.37205, 43.09827);
INSERT INTO address ('lat', 'lng', 'addr', 'city', 'country', 'pcode') VALUES (43.09827, -71.37205, '7552 edens caldwell av', 'Fremont', 'United States', '94564');
INSERT INTO availability ('lid', 'sdate', 'edate') VALUES (7, to_date('2018-03-24', 'YYYY-MM-DD'), to_date('2013-03-07', 'YYYY-MM-DD'));
INSERT INTO offers ('lid', 'fid') VALUES (7, 7);
INSERT INTO ammenities ('id', 'name', 'description') VALUES (7, 'Dolor!', 'Lorem ipsum magnis nulla leo montes luctus himenaeos fames ultrices augue sodales sapien consequat.\n');
INSERT INTO listing ('id', 'type', 'characteristics', 'rentalPrice') VALUES (8, 'crafter gift pack-12 pieces', 'Phasellus pretium amet.', 3756);
INSERT INTO located ('lid', 'lng', 'lat') VALUES (8, -94.70337, 38.96706);
INSERT INTO address ('lat', 'lng', 'addr', 'city', 'country', 'pcode') VALUES (38.96706, -94.70337, '3530 mac chesney', 'Baton Rouge', 'United States', '70910');
INSERT INTO availability ('lid', 'sdate', 'edate') VALUES (8, to_date('2017-12-02', 'YYYY-MM-DD'), to_date('2015-09-28', 'YYYY-MM-DD'));
INSERT INTO offers ('lid', 'fid') VALUES (8, 8);
INSERT INTO ammenities ('id', 'name', 'description') VALUES (8, 'Natoque.', 'Lorem ipsum tempus ante commodo commodo platea class volutpat litora luctus, volutpat leo montes.\n');
INSERT INTO listing ('id', 'type', 'characteristics', 'rentalPrice') VALUES (9, 'pentagon tools 3/8 300psi heavy duty retractable 100 foot air hose & reel professional grade', 'Vitae vehicula nascetur?', 1866);
INSERT INTO located ('lid', 'lng', 'lat') VALUES (9, -117.85125, 33.62143);
INSERT INTO address ('lat', 'lng', 'addr', 'city', 'country', 'pcode') VALUES (33.62143, -117.85125, '7302 church', 'San Diego', 'United States', '92565');
INSERT INTO availability ('lid', 'sdate', 'edate') VALUES (9, to_date('2012-08-24', 'YYYY-MM-DD'), to_date('2014-03-11', 'YYYY-MM-DD'));
INSERT INTO offers ('lid', 'fid') VALUES (9, 9);
INSERT INTO ammenities ('id', 'name', 'description') VALUES (9, 'Metus.', 'Lorem ipsum tellus pretium nunc lobortis turpis enim proin lorem aliquam ridiculus.\n');
INSERT INTO listing ('id', 'type', 'characteristics', 'rentalPrice') VALUES (10, 'numax 16-gauge straight finish nailer', 'Vulputate tincidunt aliquam?', 1308);
INSERT INTO located ('lid', 'lng', 'lat') VALUES (10, -91.89312, 37.94309);
INSERT INTO address ('lat', 'lng', 'addr', 'city', 'country', 'pcode') VALUES (37.94309, -91.89312, '9235 lexington', 'Spokane', 'United States', '99204');
INSERT INTO availability ('lid', 'sdate', 'edate') VALUES (10, to_date('2018-05-16', 'YYYY-MM-DD'), to_date('2017-05-27', 'YYYY-MM-DD'));
INSERT INTO offers ('lid', 'fid') VALUES (10, 10);
INSERT INTO ammenities ('id', 'name', 'description') VALUES (10, 'Pellentesque.', 'Lorem ipsum vehicula himenaeos sapien posuere vulputate curabitur sem leo risus.\n');
INSERT INTO accounts ('user', 'pwd', 'fname', 'lname', 'dob', 'occ', 'sin') VALUES ('jaidhol8294', '8JhG7fqq7D', 'Jaiden', 'Holder', to_date('1968-07-29', 'YYYY-MM-DD'), 'aleris international', '34218139');
INSERT INTO renter ('user') VALUES ('jaidhol8294');
INSERT INTO rents ('ruser', 'lid', 'sdate', 'edate') VALUES (null, 1, to_date('2013-03-19', 'YYYY-MM-DD'), to_date('2012-04-15', 'YYYY-MM-DD'));
INSERT INTO host ('user') VALUES ('jaidhol8294');
INSERT INTO hosts ('user', 'lid') VALUES (null, 1);
INSERT INTO lives ('user', 'lat', 'lng') VALUES ('jaidhol8294', 37.88391, -122.21721);
INSERT INTO accounts ('user', 'pwd', 'fname', 'lname', 'dob', 'occ', 'sin') VALUES ('meadowper4516', 'YWBnwCfQ19', 'Meadow', 'Perkins', to_date('1911-09-25', 'YYYY-MM-DD'), 'plexus corp', '83757673');
INSERT INTO renter ('user') VALUES ('meadowper4516');
INSERT INTO rents ('ruser', 'lid', 'sdate', 'edate') VALUES (null, 2, to_date('2012-10-12', 'YYYY-MM-DD'), to_date('2013-08-28', 'YYYY-MM-DD'));
INSERT INTO host ('user') VALUES ('meadowper4516');
INSERT INTO hosts ('user', 'lid') VALUES (null, 2);
INSERT INTO lives ('user', 'lat', 'lng') VALUES ('meadowper4516', 38.91882, -104.99094);
INSERT INTO accounts ('user', 'pwd', 'fname', 'lname', 'dob', 'occ', 'sin') VALUES ('karhu3513', 'YUSYXGccAL', 'Karissa', 'Huff', to_date('1995-06-22', 'YYYY-MM-DD'), 'pacific gas and electric corp', '78533388');
INSERT INTO renter ('user') VALUES ('karhu3513');
INSERT INTO rents ('ruser', 'lid', 'sdate', 'edate') VALUES (null, 3, to_date('2013-05-03', 'YYYY-MM-DD'), to_date('2013-12-24', 'YYYY-MM-DD'));
INSERT INTO host ('user') VALUES ('karhu3513');
INSERT INTO hosts ('user', 'lid') VALUES (null, 3);
INSERT INTO lives ('user', 'lat', 'lng') VALUES ('karhu3513', 41.92000, -91.61062);
INSERT INTO accounts ('user', 'pwd', 'fname', 'lname', 'dob', 'occ', 'sin') VALUES ('tempervelez6019', '1MGAUTUFxB', 'Temperance', 'Velez', to_date('1954-06-06', 'YYYY-MM-DD'), 'lithia motors', '74269620');
INSERT INTO renter ('user') VALUES ('tempervelez6019');
INSERT INTO rents ('ruser', 'lid', 'sdate', 'edate') VALUES (null, 4, to_date('2012-06-07', 'YYYY-MM-DD'), to_date('2012-03-09', 'YYYY-MM-DD'));
INSERT INTO host ('user') VALUES ('tempervelez6019');
INSERT INTO hosts ('user', 'lid') VALUES (null, 4);
INSERT INTO lives ('user', 'lat', 'lng') VALUES ('tempervelez6019', 38.38917, -85.70665);
INSERT INTO accounts ('user', 'pwd', 'fname', 'lname', 'dob', 'occ', 'sin') VALUES ('camreil5119', 'EDyfwBoGyo', 'Camilo', 'Reilly', to_date('1917-06-02', 'YYYY-MM-DD'), 'aon plc', '41664872');
INSERT INTO renter ('user') VALUES ('camreil5119');
INSERT INTO rents ('ruser', 'lid', 'sdate', 'edate') VALUES (null, 5, to_date('2012-12-23', 'YYYY-MM-DD'), to_date('2012-09-26', 'YYYY-MM-DD'));
INSERT INTO host ('user') VALUES ('camreil5119');
INSERT INTO hosts ('user', 'lid') VALUES (null, 5);
INSERT INTO lives ('user', 'lat', 'lng') VALUES ('camreil5119', 37.79867, -97.30941);
INSERT INTO accounts ('user', 'pwd', 'fname', 'lname', 'dob', 'occ', 'sin') VALUES ('aldmor1500', 'aPkW9OtCHx', 'Aldo', 'Morin', to_date('1905-01-02', 'YYYY-MM-DD'), 'dex one corporation', '00306646');
INSERT INTO renter ('user') VALUES ('aldmor1500');
INSERT INTO rents ('ruser', 'lid', 'sdate', 'edate') VALUES (null, 6, to_date('2012-12-07', 'YYYY-MM-DD'), to_date('2012-06-13', 'YYYY-MM-DD'));
INSERT INTO host ('user') VALUES ('aldmor1500');
INSERT INTO hosts ('user', 'lid') VALUES (null, 6);
INSERT INTO lives ('user', 'lat', 'lng') VALUES ('aldmor1500', 61.36757, -149.81885);
INSERT INTO accounts ('user', 'pwd', 'fname', 'lname', 'dob', 'occ', 'sin') VALUES ('paimerc4424', 'vPIjI2AHBy', 'Paityn', 'Mercado', to_date('1961-05-06', 'YYYY-MM-DD'), 'seaboard foods', '79968687');
INSERT INTO renter ('user') VALUES ('paimerc4424');
INSERT INTO rents ('ruser', 'lid', 'sdate', 'edate') VALUES (null, 7, to_date('2013-03-14', 'YYYY-MM-DD'), to_date('2012-05-22', 'YYYY-MM-DD'));
INSERT INTO host ('user') VALUES ('paimerc4424');
INSERT INTO hosts ('user', 'lid') VALUES (null, 7);
INSERT INTO lives ('user', 'lat', 'lng') VALUES ('paimerc4424', 39.75330, -104.29187);
INSERT INTO accounts ('user', 'pwd', 'fname', 'lname', 'dob', 'occ', 'sin') VALUES ('trippcolon1660', 'seuYgGcMi3', 'Tripp', 'Colon', to_date('1906-10-22', 'YYYY-MM-DD'), 'michaels stores', '25144806');
INSERT INTO renter ('user') VALUES ('trippcolon1660');
INSERT INTO rents ('ruser', 'lid', 'sdate', 'edate') VALUES (null, 8, to_date('2012-07-13', 'YYYY-MM-DD'), to_date('2012-05-04', 'YYYY-MM-DD'));
INSERT INTO host ('user') VALUES ('trippcolon1660');
INSERT INTO hosts ('user', 'lid') VALUES (null, 8);
INSERT INTO lives ('user', 'lat', 'lng') VALUES ('trippcolon1660', 41.87476, -87.54346);
INSERT INTO accounts ('user', 'pwd', 'fname', 'lname', 'dob', 'occ', 'sin') VALUES ('briawhitehea4412', '459KvGNMlh', 'Brian', 'Whitehead', to_date('1988-10-18', 'YYYY-MM-DD'), 'science applications international corporation', '43833418');
INSERT INTO renter ('user') VALUES ('briawhitehea4412');
INSERT INTO rents ('ruser', 'lid', 'sdate', 'edate') VALUES (null, 9, to_date('2013-09-26', 'YYYY-MM-DD'), to_date('2012-08-19', 'YYYY-MM-DD'));
INSERT INTO host ('user') VALUES ('briawhitehea4412');
INSERT INTO hosts ('user', 'lid') VALUES (null, 9);
INSERT INTO lives ('user', 'lat', 'lng') VALUES ('briawhitehea4412', 43.74719, -116.28435);
INSERT INTO accounts ('user', 'pwd', 'fname', 'lname', 'dob', 'occ', 'sin') VALUES ('ashlynnknox8788', 'C0yUFhXEQJ', 'Ashlynn', 'Knox', to_date('1982-11-26', 'YYYY-MM-DD'), 'martin marietta materials', '53836506');
INSERT INTO renter ('user') VALUES ('ashlynnknox8788');
INSERT INTO rents ('ruser', 'lid', 'sdate', 'edate') VALUES (null, 10, to_date('2012-11-15', 'YYYY-MM-DD'), to_date('2013-09-13', 'YYYY-MM-DD'));
INSERT INTO host ('user') VALUES ('ashlynnknox8788');
INSERT INTO hosts ('user', 'lid') VALUES (null, 10);
INSERT INTO lives ('user', 'lat', 'lng') VALUES ('ashlynnknox8788', 36.00464, -80.32334);
